{"cameraMode":{"drawMode":0,"name":"Shaded","section":"Shading Mode"},"sceneLighting":true,"audioPlay":false,"sceneViewState":{"m_AlwaysRefresh":false,"showFog":true,"showSkybox":true,"showFlares":true,"showImageEffects":true,"showParticleSystems":true,"showVisualEffectGraphs":true,"m_FxEnabled":true},"in2DMode":false,"pivot":{"x":52.50271224975586,"y":-0.005621020682156086,"z":-237.70657348632813},"rotation":{"x":0.0026653860695660116,"y":-0.9954042434692383,"z":0.07581978291273117,"w":0.0630694329738617},"size":5.8963942527771,"orthographic":false}